,year.x,id,imdb_id,title.x,rating,year.y,imdb,title.y,test,clean_test,binary,budget,domgross,intgross,code,budget_2013,domgross_2013,intgross_2013,period_code,decade_code,plot,rated,response,language,country,writer,metascore,imdb_rating,director,released,actors,genre,awards,runtime,type,poster,imdb_votes,error
1,1997,345,120338,Titanic,3,1997,tt0120338,Titanic,ok,ok,PASS,200000000,658672302,2185672302,1997PASS,290247625,955890356,3171930973,4,3,"A seventeen-year-old aristocrat, expecting to be married to a rich claimant by her mother, falls in love with a kind but poor artist aboard the luxurious, ill-fated R.M.S. Titanic.",PG-13,TRUE,"English, French, German, Swedish, Italian, Russian",USA,James Cameron,74,7.7,James Cameron,19-Dec-97,"Leonardo DiCaprio, Kate Winslet, Billy Zane, Kathy Bates","Drama, Romance",Won 11 Oscars. Another 86 wins & 50 nominations.,194,movie,http://ia.media-imdb.com/images/M/MV5BMjExNzM0NDM0N15BMl5BanBnXkFtZTcwMzkxOTUwNw@@._V1_SX300.jpg,565390,NA
2,1993,109,107290,Jurassic Park,3,1993,tt0107290,Jurassic Park,ok-disagree,ok,PASS,63000000,395708305,1035626872,1993PASS,101584911,638063379,1669905770,5,3,"During a preview tour, a theme park suffers a major power breakdown that allows its cloned dinosaur exhibits to run amok.",PG-13,TRUE,"English, Spanish",USA,"Michael Crichton (novel), Michael Crichton (screenplay), David Koepp (screenplay)",68,8,Steven Spielberg,11-Jun-93,"Sam Neill, Laura Dern, Jeff Goldblum, Richard Attenborough","Adventure, Sci-Fi",Won 3 Oscars. Another 21 wins & 16 nominations.,127,movie,http://ia.media-imdb.com/images/M/MV5BMjQzODQyMzk2Nl5BMl5BanBnXkFtZTcwNTg4MjQ3OA@@._V1_SX300.jpg,373499,NA
3,1999,672,120915,Star Wars: Episode I - The Phantom Menace,3,1999,tt0120915,Star Wars: Episode I - The Phantom Menace,ok,ok,PASS,115000000,474544677,1007044677,1999PASS,160823133,663632711,1408313741,4,3,"Two Jedi Knights escape a hostile blockade to find allies and come across a young boy who may bring balance to the Force, but the long dormant Sith resurface to reclaim their old glory.",PG,TRUE,English,USA,George Lucas,51,6.5,George Lucas,19-May-99,"Liam Neeson, Ewan McGregor, Natalie Portman, Jake Lloyd","Action, Adventure, Fantasy",Nominated for 3 Oscars. Another 12 wins & 52 nominations.,136,movie,http://ia.media-imdb.com/images/M/MV5BMTQ4NjEwNDA2Nl5BMl5BanBnXkFtZTcwNDUyNDQzNw@@._V1_SX300.jpg,380234,NA
4,1994,100,110357,The Lion King,1,1994,tt0110357,The Lion King,notalk-disagree,notalk,FAIL,79300000,422780140,952880140,1994FAIL,124633011,664468621,1497608078,5,3,Lion cub and future king Simba searches for his identity. His eagerness to please others and penchant for testing his boundaries sometimes gets him into trouble.,G,TRUE,"English, Swahili, Xhosa, Zulu",USA,"Irene Mecchi (screenplay), Jonathan Roberts (screenplay), Linda Woolverton (screenplay), Brenda Chapman (story), Burny Mattinson (story), Barry Johnson (story), Lorna Cook (story), Thom Enriquez (story), Andy Gaskill (story), Gary Trousdale (story), Jim Capobianco (story), Kevin Harkey (story), Jorgen Klubien (story), Chris Sanders (story), Tom Sito (story), Larry Leker (story), Joe Ranft (story), Rick Maki (story), Ed Gombert (story), Francis Glebas (story), Mark Kausler (story), J.T. Allen (additional story material), George Scribner (additional story material), Miguel Tejada-Flores (additional story material), Jenny Tripp (additional story material), Bob Tzudiker (additional story material), Christopher Vogler (additional story material), Kirk Wise (additional story material), Noni White (additional story material)",83,8.5,"Roger Allers, Rob Minkoff",24-Jun-94,"Jonathan Taylor Thomas, Matthew Broderick, James Earl Jones, Jeremy Irons","Animation, Adventure, Drama",Won 2 Oscars. Another 25 wins & 22 nominations.,89,movie,http://ia.media-imdb.com/images/M/MV5BMjEyMzgwNTUzMl5BMl5BanBnXkFtZTcwNTMxMzM3Ng@@._V1_SX300.jpg,405912,NA
5,1996,444,116629,Independence Day,3,1996,tt0116629,Independence Day,ok,ok,PASS,75000000,306169255,817400878,1996PASS,111387369,454711839,1213975115,4,3,"The aliens are coming and their goal is to invade and destroy. Fighting superior technology, Man's best weapon is the will to survive.",PG-13,TRUE,English,USA,"Dean Devlin, Roland Emmerich",59,6.9,Roland Emmerich,3-Jul-96,"Will Smith, Bill Pullman, Jeff Goldblum, Mary McDonnell","Action, Adventure, Drama",Won 1 Oscar. Another 26 wins & 22 nominations.,145,movie,http://ia.media-imdb.com/images/M/MV5BMTMwODY3NzQzNF5BMl5BanBnXkFtZTcwNzUxNjc0MQ@@._V1_SX300.jpg,326834,NA
6,1997,5074,119567,The Lost World: Jurassic Park,3,1997,tt0119567,The Lost World: Jurassic Park,dubious,dubious,FAIL,75000000,229086679,786686679,1997FAIL,108842859,332459322,1141669701,4,3,A research team is sent to the Jurassic Park Site B island to study the dinosaurs there while another team approaches with another agenda.,PG-13,TRUE,"English, Spanish",USA,"Michael Crichton (novel), David Koepp (screenplay)",59,6.4,Steven Spielberg,23-May-97,"Jeff Goldblum, Julianne Moore, Pete Postlethwaite, Arliss Howard","Action, Adventure, Sci-Fi",Nominated for 1 Oscar. Another 4 wins & 16 nominations.,129,movie,http://ia.media-imdb.com/images/M/MV5BMTYxNjY1NjE2OV5BMl5BanBnXkFtZTYwNzE0MDc4._V1_SX300.jpg,187100,NA
7,1994,776,109830,Forrest Gump,1,1994,tt0109830,Forrest Gump,notalk-disagree,notalk,FAIL,55000000,329694499,679400525,1994FAIL,86441558,518169206,1067789822,5,3,"Forrest Gump, while not intelligent, has accidentally been present at many historic moments, but his true love, Jenny Curran, eludes him.",PG-13,TRUE,English,USA,"Winston Groom (novel), Eric Roth (screenplay)",82,8.8,Robert Zemeckis,6-Jul-94,"Tom Hanks, Rebecca Williams, Sally Field, Michael Conner Humphreys","Drama, Romance",Won 6 Oscars. Another 38 wins & 46 nominations.,142,movie,http://ia.media-imdb.com/images/M/MV5BMTQwMTA5MzI1MF5BMl5BanBnXkFtZTcwMzY5Mzg3OA@@._V1_SX300.jpg,793553,NA
8,1999,742,167404,The Sixth Sense,3,1999,tt0167404,The Sixth Sense,dubious-disagree,dubious,FAIL,40000000,293506292,672806292,1999FAIL,55938481,410457404,940894052,4,3,A boy who communicates with spirits that don't know they're dead seeks the help of a disheartened child psychologist.,PG-13,TRUE,"English, Latin, Spanish",USA,M. Night Shyamalan,64,8.2,M. Night Shyamalan,6-Aug-99,"Bruce Willis, Haley Joel Osment, Toni Collette, Olivia Williams","Drama, Mystery, Thriller",Nominated for 6 Oscars. Another 32 wins & 37 nominations.,107,movie,http://ia.media-imdb.com/images/M/MV5BMTc2MTQxNDI5MV5BMl5BanBnXkFtZTYwNjkzMDc4._V1_SX300.jpg,516752,NA
9,1997,83,119654,Men in Black,1,1997,tt0119654,Men in Black,notalk,notalk,FAIL,90000000,250690539,587790539,1997FAIL,130611431,363811668,853024040,4,3,A streetwise NYPD detective joins a secret organization that polices extraterrestrial affairs on Earth.,PG-13,TRUE,"English, Spanish",USA,"Lowell Cunningham (comic), Ed Solomon (screen story), Ed Solomon (screenplay)",71,7.2,Barry Sonnenfeld,2-Jul-97,"Tommy Lee Jones, Will Smith, Linda Fiorentino, Vincent D'Onofrio","Comedy, Sci-Fi",Won 1 Oscar. Another 17 wins & 28 nominations.,98,movie,http://ia.media-imdb.com/images/M/MV5BNzA2MzI5Nzc0N15BMl5BanBnXkFtZTcwODE2NDU2MQ@@._V1_SX300.jpg,292609,NA
10,1998,775,120591,Armageddon,1,1998,tt0120591,Armageddon,notalk,notalk,FAIL,140000000,201578182,554600000,1998FAIL,200078524,288081893,792596781,4,3,"After discovering that an asteroid the size of Texas is going to impact Earth in less than a month, N.A.S.A. recruits a misfit team of deep core drillers to save the planet.",PG-13,TRUE,"English, Russian, Indonesian",USA,"Jonathan Hensleigh (screenplay), J.J. Abrams (screenplay), Tony Gilroy (adaptation), Shane Salerno (adaptation), Robert Roy Pool (story), Jonathan Hensleigh (story)",42,6.6,Michael Bay,1-Jul-98,"Bruce Willis, Billy Bob Thornton, Ben Affleck, Liv Tyler","Action, Adventure, Sci-Fi",Nominated for 4 Oscars. Another 12 wins & 27 nominations.,151,movie,http://ia.media-imdb.com/images/M/MV5BMTc3NzA4MDIyNV5BMl5BanBnXkFtZTcwMzc1OTM2MQ@@._V1_SX300.jpg,252343,NA
11,1990,1130,99653,Ghost,3,1990,tt0099653,Ghost,men-disagree,men,FAIL,22000000,217631306,517600000,1990FAIL,39225459,388031265,922868068,5,3,"After being killed during a botched mugging, a man's love for his partner enables him to remain on earth as a ghost.",PG-13,TRUE,English,USA,Bruce Joel Rubin,52,7,Jerry Zucker,13-Jul-90,"Patrick Swayze, Demi Moore, Whoopi Goldberg, Tony Goldwyn","Drama, Fantasy, Mystery",Won 2 Oscars. Another 15 wins & 24 nominations.,127,movie,http://ia.media-imdb.com/images/M/MV5BMTU0NzQzODUzNl5BMl5BanBnXkFtZTgwMjc5NTYxMTE@._V1_SX300.jpg,123608,NA
12,1991,847,103064,Terminator 2: Judgement Day,3,1991,tt0103064,Terminator 2: Judgement Day,dubious,dubious,FAIL,100000000,204859496,516816151,1991FAIL,171084037,350481895,884189932,5,3,NA,NA,NA,NA,NA,NA,NA,NA,NA,NA,NA,NA,NA,NA,NA,NA,NA,NA
13,1999,88,120363,Toy Story 2,1,1999,tt0120363,Toy Story 2,notalk-disagree,notalk,FAIL,90000000,245852179,511358276,1999FAIL,125861583,343814937,715115132,4,3,"When Woody is stolen by a toy collector, Buzz and his friends vow to rescue him, but Woody finds the idea of immortality in a museum tempting.",G,TRUE,"English, Arabic",USA,"John Lasseter (original story by), Pete Docter (original story by), Ash Brannon (original story by), Andrew Stanton (original story by), Andrew Stanton (screenplay), Rita Hsiao (screenplay), Doug Chamberlin (screenplay), Chris Webb (screenplay)",88,7.9,"John Lasseter, Ash Brannon, Lee Unkrich",24-Nov-99,"Tom Hanks, Tim Allen, Joan Cusack, Kelsey Grammer","Animation, Adventure, Comedy",Nominated for 1 Oscar. Another 19 wins & 20 nominations.,92,movie,http://ia.media-imdb.com/images/M/MV5BMTQ0OTU0NTcyNl5BMl5BanBnXkFtZTcwOTk5Mjc4OA@@._V1_SX300.jpg,276867,NA
14,1992,98,103639,Aladdin,0,1992,tt0103639,Aladdin,nowomen,nowomen,FAIL,28000000,217350219,504050219,1992FAIL,46489723,360876835,836898388,5,3,"Aladdin, a street urchin, accidentally meets Princess Jasmine, who is in the city undercover. They love each other, but she can only marry a prince.",G,TRUE,English,USA,"Ron Clements (screenplay), John Musker (screenplay), Ted Elliott (screenplay), Terry Rossio (screenplay), Burny Mattinson (story), Roger Allers (story), Daan Jippes (story), Kevin Harkey (story), Sue C. Nichols (story), Francis Glebas (story), Darrell Rooney (story), Larry Leker (story), James Fujii (story), Kirk Hanson (story), Kevin Lima (story), Rebecca Rees (story), David S. Smith (story), Chris Sanders (story), Brian Pimental (story), Patrick A. Ventura (story)",NA,8,"Ron Clements, John Musker",25-Nov-92,"Scott Weinger, Robin Williams, Linda Larkin, Jonathan Freeman","Animation, Adventure, Comedy",Won 2 Oscars. Another 24 wins & 15 nominations.,90,movie,http://ia.media-imdb.com/images/M/MV5BNTI4ODQ1MzAzNV5BMl5BanBnXkFtZTgwMzU4NzMxMDE@._V1_SX300.jpg,177540,NA
15,1996,1082,117998,Twister,3,1996,tt0117998,Twister,ok,ok,PASS,88000000,241888385,495900000,1996PASS,130694514,359244145,736493287,4,3,"Bill and Jo Harding, advanced storm chasers on the brink of divorce, must join together to create an advanced weather alert system by putting themselves in the cross-hairs of extremely violent tornadoes.",PG-13,TRUE,English,USA,"Michael Crichton, Anne-Marie Martin",68,6.2,Jan de Bont,10-May-96,"Helen Hunt, Bill Paxton, Cary Elwes, Jami Gertz","Action, Adventure, Drama",Nominated for 2 Oscars. Another 6 wins & 9 nominations.,113,movie,http://ia.media-imdb.com/images/M/MV5BMjE3NDMzODA2M15BMl5BanBnXkFtZTcwMDA5MDkxMQ@@._V1_SX300.jpg,120055,NA
16,1998,1090,120815,Saving Private Ryan,0,1998,tt0120815,Saving Private Ryan,nowomen,nowomen,FAIL,65000000,216335085,485035085,1998FAIL,92893600,309171460,693179313,4,3,"Following the Normandy Landings, a group of U.S. soldiers go behind enemy lines to retrieve a paratrooper whose brothers have been killed in action.",R,TRUE,"English, French, German, Czech",USA,Robert Rodat,90,8.6,Steven Spielberg,24-Jul-98,"Tom Hanks, Tom Sizemore, Edward Burns, Barry Pepper","Action, Drama, War",Won 5 Oscars. Another 58 wins & 56 nominations.,169,movie,http://ia.media-imdb.com/images/M/MV5BNjczODkxNTAxN15BMl5BanBnXkFtZTcwMTcwNjUxMw@@._V1_SX300.jpg,596960,NA
17,1990,432,99785,Home Alone,3,1990,tt0099785,Home Alone,men-disagree,men,FAIL,15000000,285761243,476684675,1990FAIL,26744631,509505267,849917050,5,3,An 8-year-old boy who is accidentally left behind while his family flies to France for Christmas must defend his home against idiotic burglars.,PG,TRUE,English,USA,John Hughes,63,7.4,Chris Columbus,16-Nov-90,"Macaulay Culkin, Joe Pesci, Daniel Stern, John Heard","Comedy, Family",Nominated for 2 Oscars. Another 10 wins & 4 nominations.,103,movie,http://ia.media-imdb.com/images/M/MV5BMTUzMzg4MTg2M15BMl5BanBnXkFtZTYwNDM4OTk4._V1_SX300.jpg,212728,NA
18,1999,36,133093,The Matrix,3,1999,tt0133093,The Matrix,ok-disagree,ok,PASS,65000000,171479930,460279930,1999PASS,90900032,239808171,643684004,4,3,A computer hacker learns from mysterious rebels about the true nature of his reality and his role in the war against its controllers.,R,TRUE,English,"USA, Australia","Andy Wachowski, Lana Wachowski",73,8.7,"Andy Wachowski, Lana Wachowski",31-Mar-99,"Keanu Reeves, Laurence Fishburne, Carrie-Anne Moss, Hugo Weaving","Action, Sci-Fi",Won 4 Oscars. Another 29 wins & 36 nominations.,136,movie,http://ia.media-imdb.com/images/M/MV5BMTkxNDYxOTA4M15BMl5BanBnXkFtZTgwNTk0NzQxMTE@._V1_SX300.jpg,836596,NA
19,1996,445,117060,Mission: Impossible,1,1996,tt0117060,Mission: Impossible,notalk-disagree,notalk,FAIL,80000000,180981886,457697994,1996FAIL,118813194,268787949,679757008,4,3,"An American agent, under false suspicion of disloyalty, must discover and expose the real spy without the help of his organization.",PG-13,TRUE,"English, French, Czech",USA,"Bruce Geller (television series), David Koepp (story), Steven Zaillian (story), David Koepp (screenplay), Robert Towne (screenplay)",60,7,Brian De Palma,22-May-96,"Tom Cruise, Jon Voight, Emmanuelle B??art, Henry Czerny","Action, Adventure, Thriller",3 wins & 6 nominations.,110,movie,http://ia.media-imdb.com/images/M/MV5BMTc3NjI2MjU0Nl5BMl5BanBnXkFtZTgwNDk3ODYxMTE@._V1_SX300.jpg,217631,NA
20,1991,183,101414,Beauty and the Beast,3,1991,tt0101414,Beauty and the Beast,ok-disagree,ok,PASS,20000000,218951625,451421625,1991PASS,34216807,374591278,772310338,5,3,"Belle, whose father is imprisoned by the Beast, offers herself instead and discovers her captor to be an enchanted prince.",G,TRUE,"English, French",USA,"Linda Woolverton (animation screenplay), Roger Allers (story), Brenda Chapman (story), Burny Mattinson (story), Brian Pimental (story), Joe Ranft (story), Kelly Asbury (story), Chris Sanders (story), Kevin Harkey (story), Bruce Woodside (story), Robert Lence (story)",NA,8.1,"Gary Trousdale, Kirk Wise",22-Nov-91,"Paige O'Hara, Robby Benson, Richard White, Jerry Orbach","Animation, Family, Fantasy",Won 2 Oscars. Another 21 wins & 19 nominations.,84,movie,http://ia.media-imdb.com/images/M/MV5BMTc0MzM1Njk1OV5BMl5BanBnXkFtZTcwNjQxMTkwNw@@._V1_SX300.jpg,208513,NA
21,1999,1209,120855,Tarzan,2,1999,tt0120855,Tarzan,men-disagree,men,FAIL,145000000,171091819,448191819,1999FAIL,202776994,239265412,626779240,4,3,A man raised by gorillas must decide where he really belongs when he discovers he is a human.,G,TRUE,English,USA,"Tab Murphy (screenplay), Bob Tzudiker (screenplay), Noni White (screenplay), Stephen J. Anderson (story), Mark Kennedy (story), Carole Holliday (story), Ga?®tan Brizzi (story), Paul Brizzi (story), Don Dougherty (story), Ed Gombert (story), Randy Haycock (story), Don Hall (story), Kevin Harkey (story), Glen Keane (story), Burny Mattinson (story), Frank Nissen (story), John Norton (story), Jeff Snow (story), Michael Surrey (story), Chris Ure (story), Mark Walton (story), Stevie Wermers (story), Kelly Wightman (story), John Ramirez (story), Edgar Rice Burroughs (story)",79,7.2,"Chris Buck, Kevin Lima",18-Jun-99,"Brian Blessed, Glenn Close, Minnie Driver, Tony Goldwyn","Animation, Adventure, Drama",Won 1 Oscar. Another 10 wins & 22 nominations.,88,movie,http://ia.media-imdb.com/images/M/MV5BMTIxNzY1MDg2Ml5BMl5BanBnXkFtZTcwMDgxMDEzMQ@@._V1_SX300.jpg,87531,NA
22,1993,436,107614,Mrs. Doubtfire,3,1993,tt0107614,Mrs. Doubtfire,ok,ok,PASS,25000000,219195051,441286003,1993PASS,40311473,353443011,711555544,5,3,"After a bitter divorce, an actor disguises himself as a female housekeeper to spend time with his children held in custody by his former wife.",PG-13,TRUE,English,USA,"Anne Fine (novel), Randi Mayem Singer (screenplay), Leslie Dixon (screenplay)",53,6.8,Chris Columbus,24-Nov-93,"Robin Williams, Sally Field, Pierce Brosnan, Harvey Fierstein","Comedy, Drama",Won 1 Oscar. Another 9 wins & 6 nominations.,125,movie,http://ia.media-imdb.com/images/M/MV5BMjExMDUzODE1N15BMl5BanBnXkFtZTgwNTU5NTYxMTE@._V1_SX300.jpg,124978,NA
23,1990,2156,100405,Pretty Woman,3,1990,tt0100405,Pretty Woman,ok,ok,PASS,14000000,178406268,432645872,1990PASS,24961656,318093987,771396947,5,3,"A man in a legal but hurtful business needs an escort for some social events, and hires a beautiful prostitute he meets... only to fall in love.",R,TRUE,"English, Italian, Japanese",USA,J.F. Lawton,51,6.9,Garry Marshall,23-Mar-90,"Richard Gere, Julia Roberts, Ralph Bellamy, Jason Alexander","Comedy, Romance",Nominated for 1 Oscar. Another 7 wins & 10 nominations.,119,movie,http://ia.media-imdb.com/images/M/MV5BMTMwNTA5ODAxM15BMl5BanBnXkFtZTYwNTQwODU5._V1_SX300.jpg,156340,NA
24,1999,2897,120616,The Mummy,1,1999,tt0120616,The Mummy,notalk,notalk,FAIL,80000000,155385488,416385488,1999FAIL,111876962,217300705,582299294,4,3,An American serving in the French Foreign Legion on an archaeological dig at the ancient city of Hamunaptra accidentally awakens a Mummy.,PG-13,TRUE,"English, Egyptian (Ancient), Arabic",USA,"Stephen Sommers (screen story), Lloyd Fonvielle (screen story), Kevin Jarre (screen story), Stephen Sommers (screenplay)",48,7,Stephen Sommers,7-May-99,"Brendan Fraser, Rachel Weisz, John Hannah, Arnold Vosloo","Action, Adventure, Fantasy",Nominated for 1 Oscar. Another 4 wins & 18 nominations.,125,movie,http://ia.media-imdb.com/images/M/MV5BMTcwMjQ3Mjk0MV5BMl5BanBnXkFtZTgwNzcxNTYxMTE@._V1_SX300.jpg,251958,NA
25,1991,1579,102798,Robin Hood: Prince of Thieves,3,1991,tt0102798,Robin Hood: Prince of Thieves,dubious,dubious,FAIL,50000000,165493908,390500000,1991FAIL,85542018,283133658,668083163,5,3,"When Robin and his Moorish companion come to England and the tyranny of the Sheriff of Nottingham, he decides to fight back as an outlaw.",PG-13,TRUE,English,USA,"Pen Densham (story), Pen Densham (screenplay), John Watson (screenplay)",NA,6.9,Kevin Reynolds,14-Jun-91,"Kevin Costner, Morgan Freeman, Mary Elizabeth Mastrantonio, Christian Slater","Action, Adventure, Drama",Nominated for 1 Oscar. Another 14 wins & 17 nominations.,143,movie,http://ia.media-imdb.com/images/M/MV5BMTg0OTg5MjExN15BMl5BanBnXkFtZTgwMjg3OTgzMTE@._V1_SX300.jpg,117561,NA
26,1998,2238,120685,Godzilla,3,1998,tt0120685,Godzilla,dubious,dubious,FAIL,125000000,136314294,376000000,1998FAIL,178641539,194811162,537353750,4,3,"A enormous, radioactively mutated lizard runs rampant on the island of Manhattan.",PG-13,TRUE,"English, French, Japanese, Russian, Spanish","USA, Japan","Dean Devlin (screenplay), Roland Emmerich (screenplay), Ted Elliott (story), Terry Rossio (story), Dean Devlin (story), Roland Emmerich (story)",32,5.2,Roland Emmerich,20-May-98,"Matthew Broderick, Jean Reno, Maria Pitillo, Hank Azaria","Action, Sci-Fi, Thriller",8 wins & 8 nominations.,139,movie,http://ia.media-imdb.com/images/M/MV5BMTgyMjE1NDczN15BMl5BanBnXkFtZTYwNDIwNjg5._V1_SX300.jpg,120832,NA
27,1994,1098,111503,True Lies,3,1994,tt0111503,True Lies,notalk-disagree,notalk,FAIL,100000000,146282411,365300000,1994FAIL,157166470,229906901,574129115,5,3,"Harry Tasker is a secret agent for the United States Government. For years, he has kept his job from his wife, but is forced to reveal his identity and try to stop nuclear terrorists when he and his wife are kidnapped by the terrorists.",R,TRUE,"English, French, Arabic, German",USA,"Claude Zidi (screenplay), Simon Micha?®l (screenplay), Didier Kaminka (screenplay), James Cameron (screenplay)",63,7.2,James Cameron,15-Jul-94,"Arnold Schwarzenegger, Jamie Lee Curtis, Tom Arnold, Bill Paxton","Action, Thriller",Nominated for 1 Oscar. Another 7 wins & 15 nominations.,141,movie,http://ia.media-imdb.com/images/M/MV5BMTM4OTIzNjcxM15BMl5BanBnXkFtZTcwMjc2MzE2MQ@@._V1_SX300.jpg,150049,NA
28,1995,87,114709,Toy Story,1,1995,tt0114709,Toy Story,notalk-disagree,notalk,FAIL,30000000,191780865,364530148,1995FAIL,45863384,293190647,557286202,4,3,A cowboy doll is profoundly threatened and jealous when a new spaceman figure supplants him as top toy in a boy's room.,G,TRUE,English,USA,"John Lasseter (original story by), Pete Docter (original story by), Andrew Stanton (original story by), Joe Ranft (original story by), Joss Whedon (screenplay), Andrew Stanton (screenplay), Joel Cohen (screenplay), Alec Sokolow (screenplay)",92,8.3,John Lasseter,22-Nov-95,"Tom Hanks, Tim Allen, Don Rickles, Jim Varney","Animation, Adventure, Comedy",Nominated for 3 Oscars. Another 19 wins & 13 nominations.,81,movie,http://ia.media-imdb.com/images/M/MV5BMTgwMjI4MzU5N15BMl5BanBnXkFtZTcwMTMyNTk3OA@@._V1_SX300.jpg,409668,NA
29,1995,147,112864,Die Hard: With a Vengeance,1,1995,tt0112864,Die Hard: With a Vengeance,notalk,notalk,FAIL,90000000,100012499,364480746,1995FAIL,137590151,152897054,557210677,4,3,"John McClane and a Harlem store owner are targeted by German terrorist Simon Gruber in New York City, where he plans to rob the Federal Reserve Building.",R,TRUE,"English, German, Romanian",USA,"Jonathan Hensleigh, Roderick Thorp (certain original characters)",58,7.6,John McTiernan,19-May-95,"Bruce Willis, Jeremy Irons, Samuel L. Jackson, Graham Greene","Action, Crime, Thriller",2 wins & 2 nominations.,131,movie,http://ia.media-imdb.com/images/M/MV5BOTgyNDM4Mjg0OF5BMl5BanBnXkFtZTcwMjQxNTEzMQ@@._V1_SX300.jpg,232763,NA
30,1999,3495,125439,Notting Hill,3,1999,tt0125439,Notting Hill,ok,ok,PASS,42000000,116089678,363728226,1999PASS,58735405,162347007,508660113,4,3,The life of a simple bookshop owner changes when he meets the most famous film star in the world.,PG-13,TRUE,"English, Spanish","UK, USA",Richard Curtis,66,7,Roger Michell,28-May-99,"Julia Roberts, Hugh Grant, Richard McCabe, Rhys Ifans","Comedy, Drama, Romance",Nominated for 3 Golden Globes. Another 12 wins & 14 nominations.,124,movie,http://ia.media-imdb.com/images/M/MV5BMTQ4MDg5MTE1N15BMl5BanBnXkFtZTgwNDA4NjQxMTE@._V1_SX300.jpg,152034,NA
31,1998,2198,120623,A Bugƒ??s Life,3,1998,tt0120623,A Bug&#39;s Life,ok,ok,PASS,45000000,162798565,363095319,1998PASS,64310954,232660690,518911253,4,3,NA,NA,NA,NA,NA,NA,NA,NA,NA,NA,NA,NA,NA,NA,NA,NA,NA,NA
32,1998,5183,129387,Thereƒ??s Something About Mary,3,1998,tt0129387,There&#39;s Something About Mary,ok,ok,PASS,22000000,176484651,360099999,1998PASS,31440911,252219917,514630544,4,3,NA,NA,NA,NA,NA,NA,NA,NA,NA,NA,NA,NA,NA,NA,NA,NA,NA,NA
33,1992,433,104431,Home Alone 2: Lost in New York,3,1992,tt0104431,Home Alone 2: Lost in New York,notalk,notalk,FAIL,20000000,173585516,358994850,1992FAIL,33206945,288212232,596056107,5,3,"One year after Kevin was left home alone and had to defeat a pair of bumbling burglars, he accidentally finds himself in New York City, and the same criminals are not far behind.",PG,TRUE,"English, French",USA,"John Hughes (characters), John Hughes",NA,6.4,Chris Columbus,20-Nov-92,"Macaulay Culkin, Joe Pesci, Daniel Stern, Catherine O'Hara","Adventure, Comedy, Crime",3 wins & 2 nominations.,120,movie,http://ia.media-imdb.com/images/M/MV5BMTYyODQzNDk1OV5BMl5BanBnXkFtZTcwOTM3MTU1MQ@@._V1_SX300.jpg,132595,NA
34,1999,71,169547,American Beauty,3,1999,tt0169547,American Beauty,ok,ok,PASS,15000000,130058047,356258047,1999PASS,20976930,181881240,498213351,4,3,"Lester Burnham, a depressed suburban father in a mid-life crisis, decides to turn his hectic life around after developing an infatuation for his daughter's attractive friend.",R,TRUE,English,USA,Alan Ball,86,8.5,Sam Mendes,1-Oct-99,"Kevin Spacey, Annette Bening, Thora Birch, Wes Bentley",Drama,Won 5 Oscars. Another 91 wins & 74 nominations.,122,movie,http://ia.media-imdb.com/images/M/MV5BMjM4NTI5NzYyNV5BMl5BanBnXkFtZTgwNTkxNTYxMTE@._V1_SX300.jpg,601915,NA
35,1993,2916,106977,The Fugitive,2,1993,tt0106977,The Fugitive,men,men,FAIL,44000000,183875760,353715317,1993FAIL,70948192,296492106,570351412,5,3,"Dr. Richard Kimble, unjustly accused of murdering his wife, must find the real killer while being the target of a nationwide manhunt.",PG-13,TRUE,"English, Polish, Spanish",USA,"Jeb Stuart (screenplay), David Twohy (screenplay), David Twohy (story), Roy Huggins (characters)",88,7.8,Andrew Davis,6-Aug-93,"Harrison Ford, Tommy Lee Jones, Sela Ward, Julianne Moore","Action, Adventure, Crime",Won 1 Oscar. Another 12 wins & 23 nominations.,130,movie,http://ia.media-imdb.com/images/M/MV5BMTU2OTkxNDA2OV5BMl5BanBnXkFtZTgwMzg3MjkyMTE@._V1_SX300.jpg,175786,NA
36,1994,4697,110475,The Mask,1,1994,tt0110475,The Mask,notalk,notalk,FAIL,18000000,119920129,351620129,1994FAIL,28289965,188474233,552628944,5,3,Bank clerk Stanley Ipkiss is transformed into a manic super-hero when he wears a mysterious mask.,PG-13,TRUE,"English, Swedish",USA,"Michael Fallon (story), Mark Verheiden (story), Mike Werb (screenplay)",56,6.8,Chuck Russell,29-Jul-94,"Jim Carrey, Peter Riegert, Peter Greene, Amy Yasbeck","Comedy, Crime, Fantasy",Nominated for 1 Oscar. Another 6 wins & 16 nominations.,101,movie,http://ia.media-imdb.com/images/M/MV5BMjM3NDI5OTA5Nl5BMl5BanBnXkFtZTgwNzE4ODYxMTE@._V1_SX300.jpg,186368,NA
37,1998,95,120647,Deep Impact,3,1998,tt0120647,Deep Impact,ok,ok,PASS,80000000,140464664,349464664,1998PASS,114330585,200742590,499431243,4,3,"Unless a comet can be destroyed before colliding with Earth, only those allowed into shelters will survive. Which people will survive?",PG-13,TRUE,English,USA,"Bruce Joel Rubin, Michael Tolkin",40,6.1,Mimi Leder,8-May-98,"Robert Duvall, T??a Leoni, Elijah Wood, Vanessa Redgrave","Action, Drama, Sci-Fi",5 wins & 7 nominations.,120,movie,http://ia.media-imdb.com/images/M/MV5BMjE4NDE3MjA1NV5BMl5BanBnXkFtZTYwMjQxMDM5._V1_SX300.jpg,113121,NA
38,1995,207,114148,Pocahontas,3,1995,tt0114148,Pocahontas,ok-disagree,ok,PASS,55000000,141579773,347100000,1995PASS,84082870,216444248,530639350,4,3,An English soldier and the daughter of an Algonquin chief share a romance when English colonists invade seventeenth-century Virginia.,G,TRUE,"English, Algonquin",USA,"Carl Binder, Susannah Grant, Philip LaZebnik, Tom Sito (story), Glen Keane (story), Joe Grant (story), Ralph Zondag (story), Burny Mattinson (story), Ed Gombert (story), Kaan Kalyon (story), Francis Glebas (story), Rob Gibbs (story), Bruce Morris (story), Todd Kurosawa (story), Duncan Marjoribanks (story), Chris Buck (story), Andrew Chapman (additional story development), Randy Cartwright (additional story development), Will Finn (additional story development), Broose Johnson (additional story development), T. Daniel Hofstedt (additional story development), David Pruiksma (additional story development), Nik Ranieri (additional story development), Vincent DeFrances (additional story development), Tom Mazzocco (additional story development), Don Dougherty (additional story development), Jorgen Klubien (additional story development), Mike Gabriel (based on an idea by)",58,6.5,"Mike Gabriel, Eric Goldberg",23-Jun-95,"Irene Bedard, Judy Kuhn, Mel Gibson, David Ogden Stiers","Animation, Adventure, Drama",Won 2 Oscars. Another 13 wins & 5 nominations.,81,movie,http://ia.media-imdb.com/images/M/MV5BMTU2ODI2NzI4OF5BMl5BanBnXkFtZTYwMjk5NzA5._V1_SX300.jpg,75675,NA
39,1995,1024,112462,Batman Forever,1,1995,tt0112462,Batman Forever,notalk,notalk,FAIL,100000000,184031112,336529144,1995FAIL,152877946,281342983,514478842,4,3,"Batman must battle Two-Face and The Riddler with help of an amourous psychologist and a young circus acrobat who becomes his sidekick, Robin.",PG-13,TRUE,English,"USA, UK","Bob Kane (characters), Lee Batchler (story), Janet Scott Batchler (story), Lee Batchler (screenplay), Janet Scott Batchler (screenplay), Akiva Goldsman (screenplay)",51,5.4,Joel Schumacher,16-Jun-95,"Val Kilmer, Tommy Lee Jones, Jim Carrey, Nicole Kidman","Action, Adventure, Fantasy",Nominated for 3 Oscars. Another 9 wins & 17 nominations.,121,movie,http://ia.media-imdb.com/images/M/MV5BMjAwOTEyNjg0M15BMl5BanBnXkFtZTYwODQyMTI5._V1_SX300.jpg,149277,NA
40,1996,38,117500,The Rock,1,1996,tt0117500,The Rock,notalk,notalk,FAIL,75000000,134069511,336069511,1996FAIL,111387369,199115335,499118651,4,3,"A mild-mannered chemist and an ex-con must lead the counterstrike when a rogue group of military men, led by a renegade general, threaten a nerve gas attack from Alcatraz against San Francisco.",R,TRUE,English,USA,"David Weisberg (story), Douglas Cook (story), David Weisberg (screenplay), Douglas Cook (screenplay), Mark Rosner (screenplay)",59,7.4,Michael Bay,7-Jun-96,"Sean Connery, Nicolas Cage, Ed Harris, John Spencer","Action, Adventure, Thriller",Nominated for 1 Oscar. Another 7 wins & 7 nominations.,136,movie,http://ia.media-imdb.com/images/M/MV5BMTM3MTczOTM1OF5BMl5BanBnXkFtZTYwMjc1NDA5._V1_SX300.jpg,214355,NA
41,1995,2060,112384,Apollo 13,3,1995,tt0112384,Apollo 13,ok-disagree,ok,PASS,65000000,172070496,334100000,1995PASS,99370665,263057839,510765217,4,3,Three astronauts must devise a strategy to return to Earth safely after their spacecraft undergoes massive internal damage.,PG,TRUE,English,USA,"Jim Lovell (book), Jeffrey Kluger (book), William Broyles Jr. (screenplay), Al Reinert (screenplay)",77,7.6,Ron Howard,30-Jun-95,"Tom Hanks, Bill Paxton, Kevin Bacon, Gary Sinise","Adventure, Drama, History",Won 2 Oscars. Another 20 wins & 30 nominations.,140,movie,http://ia.media-imdb.com/images/M/MV5BMTM2Njg2NjU5NF5BMl5BanBnXkFtZTYwODI5MDc4._V1_SX300.jpg,164684,NA
42,1995,69,114369,Se7en,1,1995,tt0114369,Se7en,notalk,notalk,FAIL,30000000,100125643,328125643,1995FAIL,45863384,153070026,501631742,4,3,"Two detectives, a rookie and a veteran, hunt a serial killer who uses the seven deadly sins as his modus operandi.",R,TRUE,English,USA,Andrew Kevin Walker,65,8.7,David Fincher,22-Sep-95,"Morgan Freeman, Andrew Kevin Walker, Daniel Zacapa, Brad Pitt","Crime, Mystery, Thriller",Nominated for 1 Oscar. Another 25 wins & 18 nominations.,127,movie,http://ia.media-imdb.com/images/M/MV5BMTQwNTU3MTE4NF5BMl5BanBnXkFtZTcwOTgxNDM2Mg@@._V1_SX300.jpg,684731,NA
43,1996,1062,116583,The Hunchback of Notre Dame,1,1996,tt0116583,The Hunchback of Notre Dame,notalk,notalk,FAIL,100000000,100138851,325500000,1996FAIL,148516493,148722709,483421183,4,3,"A deformed bell-ringer must assert his independence from a vicious government minister in order to help his friend, a gypsy dancer.",G,TRUE,"English, Latin",USA,"Geefwee Boedoe (story), Tab Murphy (animation screenplay), Irene Mecchi (animation screenplay), Bob Tzudiker (animation screenplay), Noni White (animation screenplay), Jonathan Roberts (animation screenplay), Tab Murphy (animation story), Victor Hugo (novel), Sue C. Nichols (story), Christine Blum (story), Ga?®tan Brizzi (story), Paul Brizzi (story), Jim Capobianco (story), Brenda Chapman (story), Francis Glebas (story), Ed Gombert (story), Kirk Hanson (story), Kevin Harkey (story), Burny Mattinson (story), Floyd Norman (story), Denis Rich (story), Jeff Snow (story), Kelly Wightman (story), James Fujii (story), John Sanford (story)",NA,6.8,"Gary Trousdale, Kirk Wise",21-Jun-96,"Jason Alexander, Mary Kay Bergman, Corey Burton, Jim Cummings","Animation, Drama, Family",Nominated for 1 Oscar. Another 7 wins & 16 nominations.,91,movie,http://ia.media-imdb.com/images/M/MV5BMjE1MDk2MzUxM15BMl5BanBnXkFtZTYwNzc1NTE5._V1_SX300.jpg,66268,NA
44,1993,1497,108052,Schindlerƒ??s List,3,1993,tt0108052,Schindler&#39;s List,ok,ok,PASS,25000000,96067179,321365567,1993PASS,40311473,154904378,518188770,5,3,NA,NA,NA,NA,NA,NA,NA,NA,NA,NA,NA,NA,NA,NA,NA,NA,NA,NA
45,1997,1068,118571,Air Force One,1,1997,tt0118571,Air Force One,notalk,notalk,FAIL,85000000,172956409,315268353,1997FAIL,123355241,251000935,457529453,4,3,"Hijackers seize the plane carrying the President of the United States and his family, but he - an ex-soldier - works from hiding to defeat them.",R,TRUE,"English, Russian","USA, Germany",Andrew W. Marlowe,61,6.4,Wolfgang Petersen,25-Jul-97,"Harrison Ford, Gary Oldman, Glenn Close, Wendy Crewson","Action, Adventure, Drama",Nominated for 2 Oscars. Another 7 wins & 9 nominations.,124,movie,http://ia.media-imdb.com/images/M/MV5BMTg4NDM4NzA2N15BMl5BanBnXkFtZTcwOTA2NDU2MQ@@._V1_SX300.jpg,117900,NA
46,1997,936,119822,As Good as It Gets,3,1997,tt0119822,As Good as It Gets,ok,ok,PASS,50000000,148478011,314111923,1997PASS,72561906,215476950,455851198,4,3,"A single mother/waitress, a misanthropic author, and a gay artist form an unlikely friendship after the artist is in an accident.",PG-13,TRUE,English,USA,"Mark Andrus (story), Mark Andrus (screenplay), James L. Brooks (screenplay)",67,7.8,James L. Brooks,25-Dec-97,"Jack Nicholson, Helen Hunt, Greg Kinnear, Cuba Gooding Jr.","Comedy, Drama, Romance",Won 2 Oscars. Another 31 wins & 30 nominations.,139,movie,http://ia.media-imdb.com/images/M/MV5BMTc0Nzc5MDEzN15BMl5BanBnXkFtZTcwMjc2NTEyMQ@@._V1_SX300.jpg,189502,NA
47,1999,6,145660,Austin Powers: The Spy Who Shagged Me,1,1999,tt0145660,Austin Powers: The Spy Who Shagged Me,notalk-disagree,notalk,FAIL,35000000,206040085,310332636,1999FAIL,48946171,288139235,433988407,4,3,"Dr. Evil is back...and has invented a new time machine that allows him to go back to the 60's and steal Austin Powers's mojo, inadvertently leaving him ""shagless"".",PG-13,TRUE,"English, German",USA,"Mike Myers, Michael McCullers, Mike Myers (characters)",59,6.6,Jay Roach,11-Jun-99,"Mike Myers, Heather Graham, Michael York, Robert Wagner","Action, Adventure, Comedy",Nominated for 1 Oscar. Another 16 wins & 27 nominations.,95,movie,http://ia.media-imdb.com/images/M/MV5BMjEwMDk0MzgxNV5BMl5BanBnXkFtZTYwNjMzMDc3._V1_SX300.jpg,147827,NA
48,1998,157,120762,Mulan,3,1998,tt0120762,Mulan,dubious-disagree,dubious,FAIL,90000000,120620254,303500000,1998FAIL,128621908,172382303,433741657,4,3,"To save her father from death in the army, a young maiden secretly goes in his place and becomes one of China's greatest heroines in the process.",G,TRUE,"English, Mandarin",USA,"Robert D. San Souci (story), Rita Hsiao (screenplay), Chris Sanders (screenplay), Philip LaZebnik (screenplay), Raymond Singer (screenplay), Eugenia Bostwick-Singer (screenplay), Dean DeBlois (head writer), John Sanford (story), Tim Hodge (story), Burny Mattinson (story), Barry Johnson (story), Ed Gombert (story), Chris Williams (story), Julius Aguimatang (story), Lorna Cook (story), Thom Enriquez (story), Joe Grant (story), Floyd Norman (story), Linda Woolverton (additional story material), Jodi Ann Johnson (additional story material), Alan Ormsby (additional story material), David Reynolds (additional story material), Don Dougherty (additional story material), Jorgen Klubien (additional story material), Denis Rich (additional story material), Joe Ekers (additional story material), Theodore Newton (additional story material), Larry Scholl (additional story material), Daan Jippes (additional story material), Frank Nissen (additional story material), Jeff Snow (additional story material)",71,7.5,"Tony Bancroft, Barry Cook",19-Jun-98,"Miguel Ferrer, Harvey Fierstein, Donny Osmond, Freda Foh Shen","Animation, Adventure, Family",Nominated for 1 Oscar. Another 14 wins & 13 nominations.,88,movie,http://ia.media-imdb.com/images/M/MV5BMTIwNjY4NDU2NF5BMl5BanBnXkFtZTcwMzM0OTUyMQ@@._V1_SX300.jpg,108134,NA
49,1997,425,119528,Liar Liar,1,1997,tt0119528,Liar Liar,notalk-disagree,notalk,FAIL,45000000,181410615,302710615,1997FAIL,65305716,263270001,439305185,4,3,A fast track lawyer can't lie for 24 hours due to his son's birthday wish after the lawyer turns his son down for the last time.,PG-13,TRUE,English,USA,"Paul Guay, Stephen Mazur",68,6.8,Tom Shadyac,21-Mar-97,"Jim Carrey, Maura Tierney, Justin Cooper, Cary Elwes","Comedy, Drama, Fantasy",Nominated for 1 Golden Globe. Another 4 wins & 5 nominations.,86,movie,http://ia.media-imdb.com/images/M/MV5BMjEzMzA3NzgwNF5BMl5BanBnXkFtZTcwNzQ4MDgyMQ@@._V1_SX300.jpg,158903,NA
50,1991,1033,102057,Hook,2,1991,tt0102057,Hook,men,men,FAIL,70000000,119654823,300854823,1991FAIL,119758826,204710301,514714575,5,3,"When Captain Hook kidnaps his children, an adult Peter Pan must return to Neverland and reclaim his youthful spirit in order to challenge his old enemy.",PG,TRUE,English,USA,"J.M. Barrie (books), J.M. Barrie (play), James V. Hart (screen story), Nick Castle (screen story), James V. Hart (screenplay), Malia Scotch Marmo (screenplay)",52,6.6,Steven Spielberg,11-Dec-91,"Dustin Hoffman, Robin Williams, Julia Roberts, Bob Hoskins","Adventure, Comedy, Family",Nominated for 5 Oscars. Another 5 wins & 10 nominations.,144,movie,http://ia.media-imdb.com/images/M/MV5BMTIwMzc4MDIwMV5BMl5BanBnXkFtZTYwNDM0ODY4._V1_SX300.jpg,137257,NA
51,1997,1202,119738,My Best Friendƒ??s Wedding,2,1997,tt0119738,My Best Friend&#39;s Wedding,men-disagree,men,FAIL,46000000,126813153,298923419,1997FAIL,66756954,184036082,433809062,4,3,NA,NA,NA,NA,NA,NA,NA,NA,NA,NA,NA,NA,NA,NA,NA,NA,NA,NA
52,1999,1086,164912,Stuart Little,1,1999,tt0164912,Stuart Little,notalk-disagree,notalk,FAIL,105000000,140015224,298800000,1999FAIL,146838513,195805974,417860454,4,3,"The Little family adopt a charming young mouse named Stuart, but the family cat wants rid of him.",PG,TRUE,"English, Dutch","Germany, USA","E.B. White (book), M. Night Shyamalan (screenplay), Greg Brooker (screenplay)",61,5.9,Rob Minkoff,17-Dec-99,"Michael J. Fox, Geena Davis, Hugh Laurie, Jonathan Lipnicki","Animation, Adventure, Comedy",Nominated for 1 Oscar. Another 7 wins & 12 nominations.,84,movie,http://ia.media-imdb.com/images/M/MV5BMjAzNTM1MTU4NV5BMl5BanBnXkFtZTYwNjQ3Mjk4._V1_SX300.jpg,69492,NA
53,1999,3714,120689,The Green Mile,1,1999,tt0120689,The Green Mile,notalk-disagree,notalk,FAIL,60000000,136801374,290701374,1999FAIL,83907722,191311527,406534833,4,3,"The lives of guards on Death Row are affected by one of their charges: a black man accused of child murder and rape, yet who has a mysterious gift.",R,TRUE,"English, French",USA,"Stephen King (novel), Frank Darabont (screenplay)",61,8.5,Frank Darabont,10-Dec-99,"Tom Hanks, David Morse, Michael Clarke Duncan, Bonnie Hunt","Crime, Drama, Fantasy",Nominated for 4 Oscars. Another 15 wins & 23 nominations.,189,movie,http://ia.media-imdb.com/images/M/MV5BMTUxMzQyNjA5MF5BMl5BanBnXkFtZTYwOTU2NTY3._V1_SX300.jpg,497430,NA
54,1994,440,111257,Speed,3,1994,tt0111257,Speed,ok,ok,PASS,30000000,121248145,283200000,1994PASS,47149941,190561429,445095443,5,3,A young cop must prevent a bomb exploding aboard a city bus by keeping its speed above 50 mph.,R,TRUE,English,USA,Graham Yost,78,7.2,Jan de Bont,10-Jun-94,"Keanu Reeves, Dennis Hopper, Sandra Bullock, Joe Morton","Action, Crime, Thriller",Won 2 Oscars. Another 12 wins & 15 nominations.,116,movie,http://ia.media-imdb.com/images/M/MV5BNzczNDQyMTc2MF5BMl5BanBnXkFtZTgwNjI2NzQxMTE@._V1_SX300.jpg,205061,NA
55,1995,106,112642,Casper,3,1995,tt0112642,Casper,ok,ok,PASS,55000000,100328194,282300000,1995PASS,84082870,153379682,431574441,4,3,A paranormal expert and his daughter bunk in an abandoned house populated by 3 mischievous ghosts and one friendly one.,PG,TRUE,English,USA,"Joseph Oriolo (characters), Sherri Stoner, Deanna Oliver",NA,5.9,Brad Silberling,26-May-95,"Chauncey Leopardi, Spencer Vrooman, Malachi Pearson, Cathy Moriarty","Comedy, Family, Fantasy",4 wins & 4 nominations.,100,movie,http://ia.media-imdb.com/images/M/MV5BMTk1NTYxMzU0OV5BMl5BanBnXkFtZTcwMzU1NzQyMQ@@._V1_SX300.jpg,65761,NA
56,1998,1926,138097,Shakespeare in Love,3,1998,tt0138097,Shakespeare in Love,ok,ok,PASS,26000000,100317794,279500000,1998PASS,37157440,143367401,399442481,4,3,"A young Shakespeare, out of ideas and short of cash, meets his ideal woman and is inspired to write one of his most famous plays.",R,TRUE,English,USA,"Marc Norman, Tom Stoppard",87,7.2,John Madden,8-Jan-99,"Geoffrey Rush, Tom Wilkinson, Steven O'Donnell, Tim McMullan","Comedy, Drama, Romance",Won 7 Oscars. Another 51 wins & 61 nominations.,123,movie,http://ia.media-imdb.com/images/M/MV5BMTc0ODI2NDk2OV5BMl5BanBnXkFtZTcwNTIzNDQ4OQ@@._V1_SX300.jpg,142233,NA
57,1991,32,102926,The Silence of the Lambs,3,1991,tt0102926,The Silence of the Lambs,ok-disagree,ok,PASS,20000000,130726716,275726716,1991PASS,34216807,223652543,471724395,5,3,A young F.B.I. cadet must confide in an incarcerated and manipulative killer to receive his help on catching another serial killer who skins his victims.,R,TRUE,English,USA,"Thomas Harris (novel), Ted Tally (screenplay)",84,8.6,Jonathan Demme,14-Feb-91,"Jodie Foster, Lawrence A. Bonney, Kasi Lemmons, Lawrence T. Wrentz","Crime, Drama, Thriller",Won 5 Oscars. Another 44 wins & 30 nominations.,118,movie,http://ia.media-imdb.com/images/M/MV5BMTQ2NzkzMDI4OF5BMl5BanBnXkFtZTcwMDA0NzE1NA@@._V1_SX300.jpg,583888,NA
58,1992,1025,103776,Batman Returns,0,1992,tt0103776,Batman Returns,nowomen-disagree,nowomen,FAIL,80000000,162833635,266824291,1992FAIL,132827779,270360376,443020974,5,3,"When a corrupt businessman and the grotesque Penguin plot to take control of Gotham City, only Batman can stop them, while the Catwoman has her own agenda.",PG-13,TRUE,English,"USA, UK","Bob Kane (Batman characters), Daniel Waters (story), Sam Hamm (story), Daniel Waters (screenplay)",NA,7,Tim Burton,19-Jun-92,"Michael Keaton, Danny DeVito, Michelle Pfeiffer, Christopher Walken","Action, Fantasy",Nominated for 2 Oscars. Another 2 wins & 13 nominations.,126,movie,http://ia.media-imdb.com/images/M/MV5BODM2OTc0Njg2OF5BMl5BanBnXkFtZTgwMDA4NjQxMTE@._V1_SX300.jpg,163620,NA
59,1995,2303,114898,Waterworld,2,1995,tt0114898,Waterworld,nowomen-disagree,nowomen,FAIL,175000000,88246220,264246220,1995FAIL,267536405,134909008,403974193,4,3,"In a future where the polar ice caps have melted and most of Earth is underwater, a mutated mariner fights starvation and outlaw ""smokers,"" and reluctantly helps a woman and a young girl try to find dry land.",PG-13,TRUE,English,USA,"Peter Rader, David Twohy",56,6,"Kevin Reynolds, Kevin Costner",28-Jul-95,"Kevin Costner, Chaim Girafi, Rick Aviles, R.D. Call","Action, Adventure, Sci-Fi",Nominated for 1 Oscar. Another 5 wins & 6 nominations.,135,movie,http://ia.media-imdb.com/images/M/MV5BMTA2Nzk3MTgzMTVeQTJeQWpwZ15BbWU3MDgyNTgxNjk@._V1_SX300.jpg,113181,NA
60,1997,22,119116,The Fifth Element,1,1997,tt0119116,The Fifth Element,notalk-disagree,notalk,FAIL,95000000,63570862,263900000,1997FAIL,137867622,92256459,382981741,4,3,"In the colorful future, a cab driver unwittingly becomes the central figure in the search for a legendary cosmic weapon to keep Evil and Mr Zorg at bay.",PG-13,TRUE,"English, Swedish, German",France,"Luc Besson (story), Luc Besson (screenplay), Robert Mark Kamen (screenplay)",52,7.6,Luc Besson,9-May-97,"Bruce Willis, Gary Oldman, Ian Holm, Milla Jovovich","Action, Adventure, Sci-Fi",Nominated for 1 Oscar. Another 7 wins & 18 nominations.,126,movie,http://ia.media-imdb.com/images/M/MV5BMTkzOTkwNTI4N15BMl5BanBnXkFtZTYwMDIzNzI5._V1_SX300.jpg,261202,NA
61,1995,3801,113497,Jumanji,3,1995,tt0113497,Jumanji,ok,ok,PASS,65000000,100458310,262758310,1995PASS,99370665,153578601,401699506,4,3,"When two kids find and play a magical board game, they release a man trapped for decades in it and a host of dangers that can only be stopped by finishing the game.",PG,TRUE,"English, French",USA,"Jonathan Hensleigh (screenplay), Greg Taylor (screenplay), Jim Strain (screenplay), Greg Taylor (screen story), Jim Strain (screen story), Chris Van Allsburg (screen story), Chris Van Allsburg (book)",39,6.7,Joe Johnston,15-Dec-95,"Robin Williams, Jonathan Hyde, Kirsten Dunst, Bradley Pierce","Adventure, Family, Fantasy",4 wins & 8 nominations.,104,movie,http://ia.media-imdb.com/images/M/MV5BMzM5NjE1OTMxNV5BMl5BanBnXkFtZTcwNDY2MzEzMQ@@._V1_SX300.jpg,135034,NA
62,1993,3369,106582,Cliffhanger,1,1993,tt0106582,Cliffhanger,notalk,notalk,FAIL,65000000,84049211,255000000,1993FAIL,104809829,135525899,411177020,5,3,A botched mid-air heist results in suitcases full of cash being searched for by various groups throughout the Rocky Mountains.,R,TRUE,English,"Italy, France, USA","John Long (premise), Michael France (screen story), Michael France (screenplay), Sylvester Stallone (screenplay)",60,6.3,Renny Harlin,28-May-93,"Sylvester Stallone, John Lithgow, Michael Rooker, Janine Turner","Action, Adventure, Thriller",Nominated for 3 Oscars. Another 1 win & 7 nominations.,112,movie,http://ia.media-imdb.com/images/M/MV5BNzgyMTU2ODc3MF5BMl5BanBnXkFtZTYwNDc2NTQ5._V1_SX300.jpg,75760,NA
63,1998,783,128853,Youƒ??ve Got Mail,3,1998,tt0128853,You&#39;ve Got Mail,ok,ok,PASS,65000000,115821495,250800000,1998PASS,92893600,165524241,358426384,4,3,NA,NA,NA,NA,NA,NA,NA,NA,NA,NA,NA,NA,NA,NA,NA,NA,NA,NA
64,1997,729,119282,Hercules,3,1997,tt0119282,Hercules,ok-disagree,ok,PASS,70000000,99112101,250700000,1997PASS,101586669,143835260,363825398,4,3,The son of the Greek Gods Zeus and Hera is stripped of his immortality as an infant and must become a true hero in order to reclaim it.,G,TRUE,"English, Spanish, Greek",USA,"Ron Clements (animation screenplay), John Musker (animation screenplay), Don McEnery (animation screenplay), Bob Shaw (animation screenplay), Irene Mecchi (animation screenplay), Kaan Kalyon (story), Kelly Wightman (story), Randy Cartwright (story), John Ramirez (story), Jeff Snow (story), Vance Gerry (story), Kirk Hanson (story), Tamara Lusher (story), Francis Glebas (story), Mark Kennedy (story), Bruce Morris (story), Don Dougherty (story), Thom Enriquez (story)",NA,7.2,"Ron Clements, John Musker",27-Jun-97,"Tate Donovan, Josh Keaton, Roger Bart, Danny DeVito","Animation, Adventure, Family",Nominated for 1 Oscar. Another 8 wins & 9 nominations.,93,movie,http://ia.media-imdb.com/images/M/MV5BMTI5NTI3OTAyOV5BMl5BanBnXkFtZTcwMTg3ODkxMQ@@._V1_SX300.jpg,86250,NA
65,1998,4955,120660,Enemy of the State,1,1998,tt0120660,Enemy of the State,notalk,notalk,FAIL,85000000,111549836,250649836,1998FAIL,121476247,159419475,358211780,4,3,A lawyer becomes a target by a corrupt politician and his NSA goons when he accidentally receives key evidence to a serious politically motivated crime.,R,TRUE,English,USA,David Marconi,67,7.3,Tony Scott,20-Nov-98,"Will Smith, Gene Hackman, Jon Voight, Lisa Bonet","Action, Crime, Mystery",5 wins & 12 nominations.,132,movie,http://ia.media-imdb.com/images/M/MV5BMTM4MTU5OTI5MF5BMl5BanBnXkFtZTcwMzczOTgxMQ@@._V1_SX300.jpg,153279,NA
66,1996,435,117705,Space Jam,1,1996,tt0117705,Space Jam,notalk,notalk,FAIL,80000000,90463534,250200000,1996FAIL,118813194,134353268,371588265,4,3,Michael Jordan agrees to help the Looney Toons play a basketball game vs. alien slavers to determine their freedom.,PG,TRUE,English,USA,"Leo Benvenuti, Steve Rudnick, Timothy Harris, Herschel Weingrod",NA,6.1,Joe Pytka,15-Nov-96,"Michael Jordan, Wayne Knight, Theresa Randle, Manner Washington","Animation, Adventure, Comedy",5 wins & 6 nominations.,88,movie,http://ia.media-imdb.com/images/M/MV5BMTQ5NDg1NTgwOV5BMl5BanBnXkFtZTcwODAwNDAwMQ@@._V1_SX300.jpg,75629,NA
67,1998,165,120382,The Truman Show,1,1998,tt0120382,The Truman Show,notalk-disagree,notalk,FAIL,60000000,125618201,248400000,1998FAIL,85747939,179525030,354996466,4,3,An insurance salesman/adjuster discovers his entire life is actually a T.V. show.,PG,TRUE,English,USA,Andrew Niccol,90,8,Peter Weir,5-Jun-98,"Jim Carrey, Laura Linney, Noah Emmerich, Natascha McElhone","Comedy, Drama, Sci-Fi",Nominated for 3 Oscars. Another 32 wins & 37 nominations.,103,movie,http://ia.media-imdb.com/images/M/MV5BMTM4NjY2MTEzM15BMl5BanBnXkFtZTcwMTk2Njk3OA@@._V1_SX300.jpg,457199,NA
68,1999,2982,185937,The Blair Witch Project,3,1999,tt0185937,The Blair Witch Project,ok,ok,PASS,600000,140539099,248300000,1999PASS,839077,196538593,347238122,4,3,Three film students go missing after traveling into the woods of Maryland to make a documentary about the local Blair Witch legend leaving only their footage behind.,R,TRUE,English,USA,"Daniel Myrick, Eduardo S?­nchez",81,6.4,"Daniel Myrick, Eduardo S?­nchez",30-Jul-99,"Heather Donahue, Joshua Leonard, Michael C. Williams, Bob Griffin","Horror, Mystery",11 wins & 17 nominations.,81,movie,http://ia.media-imdb.com/images/M/MV5BMTg0NjMyNTY4OF5BMl5BanBnXkFtZTYwOTMxOTY4._V1_SX300.jpg,148692,NA
69,1994,890,109686,Dumb &amp; Dumber,2,1994,tt0109686,Dumb &amp; Dumber,men,men,FAIL,16000000,127175374,246400000,1994FAIL,25146635,199877046,387258182,5,3,NA,NA,NA,NA,NA,NA,NA,NA,NA,NA,NA,NA,NA,NA,NA,NA,NA,NA
70,1998,1392,120812,Rush Hour,1,1998,tt0120812,Rush Hour,ok-disagree,ok,PASS,35000000,141186864,245300000,1998PASS,50019631,201774709,350566156,4,3,Two cops team up to get back a kidnapped daughter.,PG-13,TRUE,"English, Cantonese, Mandarin",USA,"Ross LaManna (story), Jim Kouf (screenplay), Ross LaManna (screenplay)",60,6.9,Brett Ratner,18-Sep-98,"Ken Leung, Jackie Chan, Tom Wilkinson, Tzi Ma","Action, Comedy, Thriller",6 wins & 7 nominations.,98,movie,http://ia.media-imdb.com/images/M/MV5BMjAyMzAyNzY5N15BMl5BanBnXkFtZTcwNjU3MTc0MQ@@._V1_SX300.jpg,142643,NA
71,1990,151,99088,Back to the Future Part III,1,1990,tt0099088,Back to the Future Part III,notalk,notalk,FAIL,40000000,87666629,243700000,1990FAIL,71319016,156307443,434511105,5,3,"Enjoying a peaceable existence in 1885, Doctor Emmet Brown is about to be killed by Buford ""Mad Dog"" Tannen. Marty McFly travels back in time to save his friend.",PG,TRUE,English,USA,"Robert Zemeckis (characters), Bob Gale (characters), Robert Zemeckis (story), Bob Gale (story), Bob Gale (screenplay)",55,7.4,Robert Zemeckis,25-May-90,"Michael J. Fox, Christopher Lloyd, Mary Steenburgen, Thomas F. Wilson","Adventure, Comedy, Sci-Fi",4 wins & 8 nominations.,118,movie,http://ia.media-imdb.com/images/M/MV5BMTk3ODgyMTgzNF5BMl5BanBnXkFtZTcwODE3MzYwMg@@._V1_SX300.jpg,182749,NA
72,1990,2963,99423,Die Hard 2,3,1990,tt0099423,Die Hard 2,dubious-disagree,dubious,FAIL,70000000,117323878,239814025,1990FAIL,124808278,209185588,427582507,5,3,"John McClane, officer of the NYPD and hero of the Nakatomi Hostage Crisis, attempts to avert disaster as rogue military officials seize control of Dulles International Airport in Washington, D.C.",R,TRUE,"English, Spanish",USA,"Walter Wager (novel), Steven E. de Souza (screenplay), Doug Richardson (screenplay)",67,7.1,Renny Harlin,4-Jul-90,"Bruce Willis, Bonnie Bedelia, William Atherton, Reginald VelJohnson","Action, Thriller",1 win & 1 nomination.,124,movie,http://ia.media-imdb.com/images/M/MV5BNzM1MzMwNzY2OF5BMl5BanBnXkFtZTgwNzE1MzkyMTE@._V1_SX300.jpg,205192,NA
73,1997,1026,118688,Batman &amp; Robin,2,1997,tt0118688,Batman &amp; Robin,men-disagree,men,FAIL,125000000,107325195,238317814,1997FAIL,181404766,155754415,345855898,4,3,NA,NA,NA,NA,NA,NA,NA,NA,NA,NA,NA,NA,NA,NA,NA,NA,NA,NA
74,1992,451,104257,A Few Good Men,1,1992,tt0104257,A Few Good Men,notalk,notalk,FAIL,33000000,141340178,236500000,1992FAIL,54791459,234673774,392672121,5,3,Neo military lawyer Kaffee defends Marines accused of murder; they contend they were acting under orders.,R,TRUE,English,USA,"Aaron Sorkin (play), Aaron Sorkin (screenplay)",62,7.6,Rob Reiner,11-Dec-92,"Tom Cruise, Jack Nicholson, Demi Moore, Kevin Bacon","Crime, Drama, Mystery",Nominated for 4 Oscars. Another 9 wins & 15 nominations.,138,movie,http://ia.media-imdb.com/images/M/MV5BMTkzNzE3Njg4Ml5BMl5BanBnXkFtZTYwMjA4NzM5._V1_SX300.jpg,145215,NA
75,1999,2311,163651,American Pie,2,1999,tt0163651,American Pie,men,men,FAIL,12000000,101800948,234723148,1999FAIL,16781544,142364760,328251410,4,3,Four teenage boys enter a pact to lose their virginity by prom night.,R,TRUE,English,USA,Adam Herz,58,7,"Paul Weitz, Chris Weitz",9-Jul-99,"Jason Biggs, Chris Klein, Thomas Ian Nicholas, Alyson Hannigan","Comedy, Romance",9 wins & 14 nominations.,95,movie,http://ia.media-imdb.com/images/M/MV5BMTg3ODY5ODI1NF5BMl5BanBnXkFtZTgwMTkxNTYxMTE@._V1_SX300.jpg,253141,NA
76,1998,1058,120746,The Mask of Zorro,1,1998,tt0120746,The Mask of Zorro,notalk-disagree,notalk,FAIL,65000000,93828745,233700000,1998FAIL,92893600,134093691,333988221,4,3,"A young thief, seeking revenge over the death of his brother, is trained by the once great, but aged Zorro, who is also seeking a vengeance of his own.",PG-13,TRUE,English,"USA, Germany","Johnston McCulley (character Zorro), Ted Elliott (story), Terry Rossio (story), Randall Jahnson (story), John Eskow (screenplay), Ted Elliott (screenplay), Terry Rossio (screenplay)",63,6.7,Martin Campbell,17-Jul-98,"Jos?? Mar??a de Tavira, Diego Sieres, Emiliano Guerra, Yolanda Orisaga","Action, Adventure, Comedy",Nominated for 2 Oscars. Another 7 wins & 15 nominations.,136,movie,http://ia.media-imdb.com/images/M/MV5BNjI3NzI2MjY2MF5BMl5BanBnXkFtZTYwMDM5ODU5._V1_SX300.jpg,107542,NA
77,1996,2449,116209,The English Patient,3,1996,tt0116209,The English Patient,ok,ok,PASS,35000000,78716374,231716374,1996PASS,51980772,116906798,344137032,4,3,"At the close of WWII, a young nurse tends to a badly-burned plane crash victim. His past is shown in flashbacks, revealing an involvement in a fateful love affair.",R,TRUE,"English, German, Italian, Arabic","USA, UK","Michael Ondaatje (novel), Anthony Minghella (screenplay)",87,7.4,Anthony Minghella,6-Dec-96,"Ralph Fiennes, Juliette Binoche, Willem Dafoe, Kristin Scott Thomas","Drama, Romance, War",Won 9 Oscars. Another 47 wins & 39 nominations.,162,movie,http://ia.media-imdb.com/images/M/MV5BNDg2OTcxNDE0OF5BMl5BanBnXkFtZTgwOTg2MDM0MDE@._V1_SX300.jpg,110308,NA
78,1997,623,119217,Good Will Hunting,0,1997,tt0119217,Good Will Hunting,nowomen-disagree,nowomen,FAIL,10000000,138433435,225933435,1997FAIL,14512381,200899879,327883215,4,3,"Will Hunting, a janitor at MIT, has a gift for mathematics but needs help from a psychologist to find direction in his life.",R,TRUE,English,USA,"Matt Damon, Ben Affleck",70,8.2,Gus Van Sant,9-Jan-98,"Matt Damon, Robin Williams, Ben Affleck, Stellan Skarsg?rd",Drama,Won 2 Oscars. Another 18 wins & 37 nominations.,126,movie,http://ia.media-imdb.com/images/M/MV5BMTk0NjY0Mzg5MF5BMl5BanBnXkFtZTcwNzM1OTM2MQ@@._V1_SX300.jpg,414134,NA
79,1997,573,118880,Con Air,2,1997,tt0118880,Con Air,notalk-disagree,notalk,FAIL,80000000,101117573,224117573,1997FAIL,116099050,146745677,325247966,4,3,A newly released ex-con and former US Ranger finds himself trapped in a prisoner transport plane when the passengers seize control.,R,TRUE,English,USA,Scott Rosenberg,52,6.8,Simon West,6-Jun-97,"Colm Meaney, Mykelti Williamson, Nick Chinlund, Renoly Santiago","Action, Crime, Thriller",Nominated for 2 Oscars. Another 6 wins & 8 nominations.,115,movie,http://ia.media-imdb.com/images/M/MV5BMTU1NzY2NjIzNV5BMl5BanBnXkFtZTgwMzE2Mzk5MDE@._V1_SX300.jpg,178495,NA
80,1999,1134,120891,Wild Wild West,2,1999,tt0120891,Wild Wild West,men,men,FAIL,175000000,113805681,221229335,1999FAIL,244730855,159152923,309380824,4,3,The two best hired guns in the West must save President Grant from the clutches of a 19th century inventor-villain.,PG-13,TRUE,English,USA,"Jim Thomas (story), John Thomas (story), S.S. Wilson (screenplay), Brent Maddock (screenplay), Jeffrey Price (screenplay), Peter S. Seaman (screenplay)",38,4.7,Barry Sonnenfeld,30-Jun-99,"Will Smith, Kevin Kline, Kenneth Branagh, Salma Hayek","Action, Western, Comedy",10 wins & 11 nominations.,106,movie,http://ia.media-imdb.com/images/M/MV5BNDI5NDk5MjgxMl5BMl5BanBnXkFtZTcwNjI1MTUyMQ@@._V1_SX300.jpg,108272,NA
81,1998,1079,120794,The Prince of Egypt,3,1998,tt0120794,The Prince of Egypt,notalk-disagree,notalk,FAIL,60000000,101413188,218600000,1998FAIL,85747939,144932864,312408324,4,3,"An Egyptian prince learns of his identity as a Hebrew and, later his destiny to become the chosen deliverer of his people.",PG,TRUE,"English, Hebrew",USA,"Philip LaZebnik (screenplay), Nicholas Meyer (additional screenplay material)",64,6.9,"Brenda Chapman, Steve Hickner, Simon Wells",18-Dec-98,"Val Kilmer, Ralph Fiennes, Michelle Pfeiffer, Sandra Bullock","Animation, Adventure, Drama",Won 1 Oscar. Another 5 wins & 19 nominations.,99,movie,http://ia.media-imdb.com/images/M/MV5BMTg0NTQ4MDU4M15BMl5BanBnXkFtZTYwNjk2MjE5._V1_SX300.jpg,68100,NA
82,1994,91,110912,Pulp Fiction,3,1994,tt0110912,Pulp Fiction,ok-disagree,ok,PASS,8000000,107928762,212928762,1994PASS,12573318,169627825,334652619,5,3,"The lives of two mob hit men, a boxer, a gangster's wife, and a pair of diner bandits intertwine in four tales of violence and redemption.",R,TRUE,"English, Spanish, French",USA,"Quentin Tarantino (story), Roger Avary (story), Quentin Tarantino",94,9,Quentin Tarantino,14-Oct-94,"Tim Roth, Amanda Plummer, Laura Lovelace, John Travolta","Crime, Drama, Thriller",Won 1 Oscar. Another 62 wins & 46 nominations.,154,movie,http://ia.media-imdb.com/images/M/MV5BMjE0ODk2NjczOV5BMl5BanBnXkFtZTYwNDQ0NDg4._V1_SX300.jpg,909053,NA
83,1995,205,112573,Braveheart,2,1995,tt0112573,Braveheart,men-disagree,men,FAIL,72000000,75545647,209000000,1995FAIL,110072121,115492633,319514907,4,3,"When his secret bride is executed for assaulting an English soldier who tried to rape her, a commoner begins a revolt and leads Scottish warriors against the cruel English tyrant who rules Scotland with an iron fist.",R,TRUE,"English, French, Latin, Scottish Gaelic",USA,Randall Wallace,68,8.4,Mel Gibson,24-May-95,"James Robinson, Sean Lawlor, Sandy Nelson, James Cosmo","Action, Biography, Drama",Won 5 Oscars. Another 19 wins & 20 nominations.,177,movie,http://ia.media-imdb.com/images/M/MV5BNjA4ODYxMDU3Nl5BMl5BanBnXkFtZTcwMzkzMTk3OA@@._V1_SX300.jpg,525145,NA
84,1999,124,162661,Sleepy Hollow,3,1999,tt0162661,Sleepy Hollow,ok,ok,PASS,70000000,101068340,207068340,1999PASS,97892342,141340236,289577211,4,3,"Ichabod Crane is sent to Sleepy Hollow to investigate the decapitations of 3 people with the culprit being the legendary apparition, the Headless Horseman.",R,TRUE,"English, Latin","USA, Germany","Washington Irving (story), Kevin Yagher (screen story), Andrew Kevin Walker (screen story), Andrew Kevin Walker (screenplay)",65,7.5,Tim Burton,19-Nov-99,"Johnny Depp, Christina Ricci, Miranda Richardson, Michael Gambon","Drama, Mystery",Won 1 Oscar. Another 22 wins & 28 nominations.,105,movie,http://ia.media-imdb.com/images/M/MV5BMTY4NjMzNDY2N15BMl5BanBnXkFtZTcwNDMyMDI5MQ@@._V1_SX300.jpg,210582,NA
85,1990,3000,99810,The Hunt for Red October,1,1990,tt0099810,The Hunt for Red October,notalk,notalk,FAIL,30000000,120709866,200500000,1990FAIL,53489262,215222722,357486568,5,3,"In 1984, the USSR's best submarine captain in their newest sub violates orders and heads for the USA. Is he trying to defect, or to start a war?",PG,TRUE,"English, Russian",USA,"Tom Clancy (novel), Larry Ferguson (screenplay), Donald Stewart (screenplay)",58,7.6,John McTiernan,2-Mar-90,"Sean Connery, Alec Baldwin, Scott Glenn, Sam Neill","Action, Adventure, Thriller",Won 1 Oscar. Another 2 wins & 6 nominations.,134,movie,http://ia.media-imdb.com/images/M/MV5BNzk3OTE2NjQ0OV5BMl5BanBnXkFtZTgwMDg3ODYxMTE@._V1_SX300.jpg,116660,NA
86,1990,118,100802,Total Recall,1,1990,tt0100802,Total Recall,notalk,notalk,FAIL,125000000,58877969,198615996,1990FAIL,222871925,104977970,354127435,5,3,"When a man goes for virtual vacation memories of the planet Mars, an unexpected and harrowing series of events forces him to go to the planet for real, or does he?",R,TRUE,English,USA,"Philip K. Dick (short story ""We Can Remember It For You Wholesale""), Ronald Shusett (screen story), Dan O'Bannon (screen story), Jon Povill (screen story), Ronald Shusett (screenplay), Dan O'Bannon (screenplay), Gary Goldman (screenplay)",57,7.5,Paul Verhoeven,1-Jun-90,"Arnold Schwarzenegger, Rachel Ticotin, Sharon Stone, Ronny Cox","Action, Adventure, Sci-Fi",Nominated for 2 Oscars. Another 7 wins & 13 nominations.,113,movie,http://ia.media-imdb.com/images/M/MV5BMTc2MTU4ODI5MF5BMl5BanBnXkFtZTcwODI2MzAyOA@@._V1_SX300.jpg,186250,NA
87,1994,959,111282,Stargate,1,1994,tt0111282,Stargate,notalk,notalk,FAIL,55000000,71565669,196565669,1994FAIL,86441558,112477236,308935323,5,3,"An interstellar teleportation device, found in Egypt, leads to a planet with humans resembling ancient Egyptians who worship the god Ra.",PG-13,TRUE,"English, Norwegian, Swedish","France, USA","Dean Devlin, Roland Emmerich",42,7,Roland Emmerich,28-Oct-94,"Kurt Russell, James Spader, Jaye Davidson, Viveca Lindfors","Action, Adventure, Sci-Fi",6 wins & 5 nominations.,121,movie,http://ia.media-imdb.com/images/M/MV5BMTk4ODQ1MTk5M15BMl5BanBnXkFtZTgwMjA2Mzk5MDE@._V1_SX300.jpg,121754,NA
88,1991,3595,101272,The Addams Family,3,1991,tt0101272,The Addams Family,ok,ok,PASS,30000000,113502246,191502246,1991PASS,51325211,194184224,327629772,5,3,Con artists plan to fleece the eccentric family using an accomplice who claims to be their long lost Uncle Fester.,PG-13,TRUE,English,USA,"Charles Addams (characters), Caroline Thompson, Larry Wilson",NA,6.8,Barry Sonnenfeld,22-Nov-91,"Anjelica Huston, Raul Julia, Christopher Lloyd, Dan Hedaya","Comedy, Fantasy",Nominated for 1 Oscar. Another 3 wins & 12 nominations.,99,movie,http://ia.media-imdb.com/images/M/MV5BNTczNjA4NzczMV5BMl5BanBnXkFtZTcwMTkzMTQyMQ@@._V1_SX300.jpg,74266,NA
89,1994,1051,111070,The Santa Clause,1,1994,tt0111070,The Santa Clause,notalk,notalk,FAIL,22000000,144833357,189800000,1994FAIL,34576623,227629474,298301960,5,3,"When a man inadvertantly kills Santa on Christmas Eve, he finds himself magically recruited to take his place.",PG,TRUE,"English, Spanish",USA,"Leo Benvenuti, Steve Rudnick",57,6.3,John Pasquin,11-Nov-94,"Tim Allen, Judge Reinhold, Wendy Crewson, Eric Lloyd","Comedy, Drama, Family",2 wins & 7 nominations.,97,movie,http://ia.media-imdb.com/images/M/MV5BNDY4MjgyNTk3Ml5BMl5BanBnXkFtZTcwMTg1NTUxMQ@@._V1_SX300.jpg,47025,NA
90,1992,4731,105793,Wayneƒ??s World,1,1992,tt0105793,Wayne&#39;s World,notalk,notalk,FAIL,20000000,121697323,183097323,1992FAIL,33206945,202059814,304005134,5,3,NA,NA,NA,NA,NA,NA,NA,NA,NA,NA,NA,NA,NA,NA,NA,NA,NA,NA
91,1996,912,116313,The First Wives Club,3,1996,tt0116313,The First Wives Club,ok,ok,PASS,30000000,105489203,181489203,1996PASS,44554948,156668864,269541399,4,3,"Reunited by the death of a college friend, three divorced women seek revenge on the husbands who left them for younger women.",PG,TRUE,English,USA,"Olivia Goldsmith (novel), Robert Harling (screenplay)",58,6.1,Hugh Wilson,20-Sep-96,"Goldie Hawn, Bette Midler, Diane Keaton, Maggie Smith",Comedy,Nominated for 1 Oscar. Another 3 wins & 3 nominations.,103,movie,http://ia.media-imdb.com/images/M/MV5BMTI2OTE2NDkwM15BMl5BanBnXkFtZTcwODY5ODkxMQ@@._V1_SX300.jpg,25340,NA
92,1999,4926,171363,The Haunting,3,1999,tt0171363,The Haunting,ok,ok,PASS,80000000,91188905,180188905,1999PASS,111876962,127524221,251987342,4,3,"When Eleanor, Theo, and Luke decide to take part in a sleep study at a huge mansion they get more than they bargained for when Dr. Marrow tells them of the house's ghostly past.",PG-13,TRUE,English,USA,"David Self (screenplay), Shirley Jackson (novel)",NA,4.8,Jan de Bont,23-Jul-99,"Liam Neeson, Catherine Zeta-Jones, Owen Wilson, Lili Taylor","Fantasy, Horror, Mystery",2 wins & 9 nominations.,113,movie,http://ia.media-imdb.com/images/M/MV5BMTY4ODczMTMxNV5BMl5BanBnXkFtZTYwMTI4Nzc5._V1_SX300.jpg,49800,NA
93,1997,426,119137,Flubber,2,1997,tt0119137,Flubber,men,men,FAIL,80000000,92993801,177993801,1997FAIL,116099050,134956149,258311390,4,3,"An absent-minded professor discovers ""flubber,"" a rubber-like super-bouncy substance.",PG,TRUE,English,USA,"Samuel W. Taylor (short story ""A Situation of Gravity""), John Hughes (screenplay), Bill Walsh (screenplay)",37,4.9,Les Mayfield,26-Nov-97,"Robin Williams, Marcia Gay Harden, Christopher McDonald, Ted Levine","Comedy, Family, Sci-Fi",3 wins & 1 nomination.,93,movie,http://ia.media-imdb.com/images/M/MV5BMTIwODc4NzcyNF5BMl5BanBnXkFtZTYwMTY5OTY5._V1_SX300.jpg,43006,NA
94,1999,3102,122933,Analyze This,1,1999,tt0122933,Analyze This,notalk,notalk,FAIL,30000000,106885658,176885658,1999FAIL,41953861,149475534,247367876,4,3,A comedy about a psychiatrist whose number one-patient is an insecure mob boss.,R,TRUE,English,"USA, Australia","Kenneth Lonergan (story), Peter Tolan (story), Peter Tolan (screenplay), Harold Ramis (screenplay), Kenneth Lonergan (screenplay)",61,6.7,Harold Ramis,5-Mar-99,"Robert De Niro, Billy Crystal, Lisa Kudrow, Chazz Palminteri","Comedy, Crime",Nominated for 2 Golden Globes. Another 4 wins & 5 nominations.,103,movie,http://ia.media-imdb.com/images/M/MV5BMTQxNjM3ODQ0OF5BMl5BanBnXkFtZTgwNjk1Mzk5MDE@._V1_SX300.jpg,104010,NA
95,1995,294,112579,The Bridges of Madison County,3,1995,tt0112579,The Bridges of Madison County,ok,ok,PASS,22000000,71516617,175516617,1995PASS,33633148,109333135,268326198,4,3,"Photographer Robert Kincaid wanders into the life of housewife Francesca Johnson, for four days in the 1960s.",PG-13,TRUE,English,USA,"Richard LaGravenese (screenplay), Robert James Waller (novel)",66,7.5,Clint Eastwood,2-Jun-95,"Clint Eastwood, Meryl Streep, Annie Corley, Victor Slezak","Drama, Romance",Nominated for 1 Oscar. Another 7 wins & 10 nominations.,135,movie,http://ia.media-imdb.com/images/M/MV5BMTI0MDkxMzA2NF5BMl5BanBnXkFtZTYwNjIxMDI5._V1_SX300.jpg,43393,NA
96,1997,4360,119190,George of the Jungle,3,1997,tt0119190,George of the Jungle,ok,ok,PASS,55000000,105263257,174463257,1997PASS,79818097,152762052,253187730,4,3,George grows up in the jungle raised by apes. Based on the Cartoon series.,PG,TRUE,"English, Spanish",USA,"Jay Ward (characters), Dana Olsen (story), Dana Olsen (screenplay), Audrey Wells (screenplay)",53,5.4,Sam Weisman,16-Jul-97,"Brendan Fraser, Leslie Mann, Thomas Haden Church, Richard Roundtree","Action, Adventure, Comedy",1 win & 2 nominations.,92,movie,http://ia.media-imdb.com/images/M/MV5BMTUxNjQ2NjA1OV5BMl5BanBnXkFtZTcwMDAyMTYyMQ@@._V1_SX300.jpg,45039,NA
97,1996,649,117571,Scream,3,1996,tt0117571,Scream,ok,ok,PASS,15000000,103046663,173046663,1996PASS,22277474,153041290,257002834,4,3,"A killer known as Ghostface begins killing off teenagers, and as the body count begins rising, one girl and her friends find themselves contemplating the ""Rules"" of horror films as they find themselves living in a real-life one.",R,TRUE,English,USA,Kevin Williamson,65,7.2,Wes Craven,20-Dec-96,"Drew Barrymore, Roger Jackson, Kevin Patrick Walls, David Booth","Crime, Horror, Mystery",7 wins & 4 nominations.,111,movie,http://ia.media-imdb.com/images/M/MV5BMjA2NjU5MTg5OF5BMl5BanBnXkFtZTgwOTkyMzQxMDE@._V1_SX300.jpg,174957,NA
98,1995,2864,114746,Twelve Monkeys,1,1995,tt0114746,Twelve Monkeys,notalk,notalk,FAIL,29000000,57141459,168841459,1995FAIL,44334604,87356689,258121354,4,3,"In a future world devastated by disease, a convict is sent back in time to gather information about the man-made virus that wiped out most of the human population on the planet.",R,TRUE,"English, French",USA,"Chris Marker (film La Jet??e), David Webb Peoples (screenplay), Janet Peoples (screenplay)",74,8.1,Terry Gilliam,5-Jan-96,"Joseph Melito, Bruce Willis, Jon Seda, Michael Chance","Mystery, Sci-Fi, Thriller",Nominated for 2 Oscars. Another 10 wins & 8 nominations.,129,movie,http://ia.media-imdb.com/images/M/MV5BMjI4MDIxNjk2Ml5BMl5BanBnXkFtZTcwMTA3Njk3OA@@._V1_SX300.jpg,342136,NA
99,1997,904,118884,Contact,3,1997,tt0118884,Contact,ok,ok,PASS,90000000,100920329,165900000,1997PASS,130611431,146459429,240760405,4,3,"Dr. Ellie Arroway, after years of searching, finds conclusive radio proof of intelligent aliens, who send plans for a mysterious machine.",PG,TRUE,"English, Spanish, German, Russian",USA,"Carl Sagan (novel), Carl Sagan (story), Ann Druyan (story), James V. Hart (screenplay), Michael Goldenberg (screenplay)",62,7.4,Robert Zemeckis,11-Jul-97,"Jena Malone, David Morse, Jodie Foster, Geoffrey Blake","Drama, Mystery, Sci-Fi",Nominated for 1 Oscar. Another 10 wins & 16 nominations.,150,movie,http://ia.media-imdb.com/images/M/MV5BMjEyMDQxMTMxMF5BMl5BanBnXkFtZTcwNTU0ODcyMg@@._V1_SX300.jpg,153369,NA
100,1998,1069,120828,Six Days Seven Nights,1,1998,tt0120828,Six Days Seven Nights,notalk,notalk,FAIL,80000000,74339294,164800000,1998FAIL,114330585,106240687,235521005,4,3,"Robin Monroe, a New York magazine editor, and the gruff pilot Quinn Harris must put aside their mutual dislike if they are to survive after crash landing on a deserted South Seas island.",PG-13,TRUE,"English, German",USA,Michael Browning,51,5.7,Ivan Reitman,12-Jun-98,"Harrison Ford, Anne Heche, David Schwimmer, Jacqueline Obradors","Action, Adventure, Comedy",2 wins & 3 nominations.,98,movie,http://ia.media-imdb.com/images/M/MV5BMTY0ODQ2NDE2NF5BMl5BanBnXkFtZTcwNDM5MDkyMQ@@._V1_SX300.jpg,51032,NA
